<?xml version = "1.0" encoding = "UTF-8"?>
<configuration>
    <property name="LOG_PATH" value="EPMS_BULK"/>
    <timestamp key="byDate" datePattern="yyyy.MM.dd"/>
    <appender name="STDOUT" class="ch.qos.logback.core.ConsoleAppender">
        <encoder>
            <pattern>[%d{yyyy-MM-dd 'T' HH:mm:ss.sss'Z'}] [%C] [%t] [%L] [%-5p] %m%n</pattern>
        </encoder>
    </appender>

    <appender name="FILE" class="ch.qos.logback.core.rolling.RollingFileAppender">
        <File>${LOG_PATH}/common/today.log</File>
        <encoder class="ch.qos.logback.classic.encoder.PatternLayoutEncoder">
            <Pattern>[%d{dd-MM-yyyy HH:mm:ss.SSS}] %highlight [%C] [%thread] - %msg%n</Pattern>
        </encoder>
        <rollingPolicy class="ch.qos.logback.core.rolling.TimeBasedRollingPolicy">
            <fileNamePattern>${LOG_PATH}/common/log_%d{yyyy-MM-dd}.log</fileNamePattern>
        </rollingPolicy>
    </appender>

    <root level="INFO">
        <appender-ref ref="FILE"/>
        <appender-ref ref="STDOUT"/>
    </root>
</configuration>
