{
	"info": {
		"_postman_id": "12f57830-fade-4471-b6fa-1f4b07ea83e4",
		"name": "device",
		"schema": "https://schema.getpostman.com/json/collection/v2.1.0/collection.json"
	},
	"item": [
		{
			"name": "device-brand",
			"item": [
				{
					"name": "localhost:8085/device-brand/rest/add",
					"request": {
						"method": "POST",
						"header": [],
						"body": {
							"mode": "raw",
							"raw": "{\r\n    \"deviceBrandTitle\": \"test001\",\r\n    \"description\": \"test001 - random description\",\r\n    \"active\": true\r\n}",
							"options": {
								"raw": {
									"language": "json"
								}
							}
						},
						"url": {
							"raw": "localhost:8085/device-brand/rest/add",
							"host": [
								"localhost"
							],
							"port": "8085",
							"path": [
								"device-brand",
								"rest",
								"add"
							]
						}
					},
					"response": []
				},
				{
					"name": "localhost:8085/device-brand/rest/get-by-id",
					"request": {
						"method": "POST",
						"header": [],
						"body": {
							"mode": "raw",
							"raw": "{\r\n    \"deviceBrandId\": 2\r\n}",
							"options": {
								"raw": {
									"language": "json"
								}
							}
						},
						"url": {
							"raw": "localhost:8085/device-brand/rest/get-by-id",
							"host": [
								"localhost"
							],
							"port": "8085",
							"path": [
								"device-brand",
								"rest",
								"get-by-id"
							]
						}
					},
					"response": []
				},
				{
					"name": "localhost:8085/device-brand/rest/update",
					"request": {
						"method": "POST",
						"header": [],
						"body": {
							"mode": "raw",
							"raw": "{\r\n    \"deviceBrandId\": 2,\r\n    \"deviceBrandTitle\": \"test001\",\r\n    \"description\": \"test001 - random description update tesing\",\r\n    \"active\": true\r\n}",
							"options": {
								"raw": {
									"language": "json"
								}
							}
						},
						"url": {
							"raw": "localhost:8085/device-brand/rest/update",
							"host": [
								"localhost"
							],
							"port": "8085",
							"path": [
								"device-brand",
								"rest",
								"update"
							]
						}
					},
					"response": []
				},
				{
					"name": "localhost:8085/device-brand/rest/get-all",
					"request": {
						"method": "GET",
						"header": [],
						"url": {
							"raw": "localhost:8085/device-brand/rest/get-all",
							"host": [
								"localhost"
							],
							"port": "8085",
							"path": [
								"device-brand",
								"rest",
								"get-all"
							]
						}
					},
					"response": []
				}
			]
		},
		{
			"name": "device-type",
			"item": [
				{
					"name": "localhost:8085/device-type/rest/add",
					"request": {
						"method": "POST",
						"header": [],
						"body": {
							"mode": "raw",
							"raw": "{\r\n    \"deviceTypeTitle\": \"test001\",\r\n    \"description\": \"test001 - random description\",\r\n    \"active\": true\r\n}",
							"options": {
								"raw": {
									"language": "json"
								}
							}
						},
						"url": {
							"raw": "localhost:8085/device-type/rest/add",
							"host": [
								"localhost"
							],
							"port": "8085",
							"path": [
								"device-type",
								"rest",
								"add"
							]
						}
					},
					"response": []
				},
				{
					"name": "localhost:8085/device-type/rest/get-by-id",
					"request": {
						"method": "POST",
						"header": [],
						"body": {
							"mode": "raw",
							"raw": "{\r\n    \"deviceTypeId\": 1\r\n}",
							"options": {
								"raw": {
									"language": "json"
								}
							}
						},
						"url": {
							"raw": "localhost:8085/device-type/rest/get-by-id",
							"host": [
								"localhost"
							],
							"port": "8085",
							"path": [
								"device-type",
								"rest",
								"get-by-id"
							]
						}
					},
					"response": []
				},
				{
					"name": "localhost:8085/device-type/rest/update",
					"request": {
						"method": "POST",
						"header": [],
						"body": {
							"mode": "raw",
							"raw": "{\r\n    \"deviceTypeId\": 1,\r\n    \"deviceTypeTitle\": \"test001\",\r\n    \"description\": \"test001 - random description update tesing\",\r\n    \"active\": true\r\n}",
							"options": {
								"raw": {
									"language": "json"
								}
							}
						},
						"url": {
							"raw": "localhost:8085/device-type/rest/update",
							"host": [
								"localhost"
							],
							"port": "8085",
							"path": [
								"device-type",
								"rest",
								"update"
							]
						}
					},
					"response": []
				},
				{
					"name": "localhost:8085/device-type/rest/get-all",
					"request": {
						"method": "GET",
						"header": [],
						"url": {
							"raw": "localhost:8085/device-type/rest/get-all",
							"host": [
								"localhost"
							],
							"port": "8085",
							"path": [
								"device-type",
								"rest",
								"get-all"
							]
						}
					},
					"response": []
				}
			]
		},
		{
			"name": "device-capacity",
			"item": [
				{
					"name": "localhost:8085/device-capacity/rest/add",
					"request": {
						"method": "POST",
						"header": [],
						"body": {
							"mode": "raw",
							"raw": "{\r\n    \"deviceCapacityTitle\": \"test001\",\r\n    \"description\": \"test001 - random description\",\r\n    \"active\": true\r\n}",
							"options": {
								"raw": {
									"language": "json"
								}
							}
						},
						"url": {
							"raw": "localhost:8085/device-capacity/rest/add",
							"host": [
								"localhost"
							],
							"port": "8085",
							"path": [
								"device-capacity",
								"rest",
								"add"
							]
						}
					},
					"response": []
				},
				{
					"name": "localhost:8085/device-capacity/rest/get-by-id",
					"request": {
						"method": "POST",
						"header": [],
						"body": {
							"mode": "raw",
							"raw": "{\r\n    \"deviceCapacityId\": 2\r\n}",
							"options": {
								"raw": {
									"language": "json"
								}
							}
						},
						"url": {
							"raw": "localhost:8085/device-capacity/rest/get-by-id",
							"host": [
								"localhost"
							],
							"port": "8085",
							"path": [
								"device-capacity",
								"rest",
								"get-by-id"
							]
						}
					},
					"response": []
				},
				{
					"name": "localhost:8085/device-capacity/rest/update",
					"request": {
						"method": "POST",
						"header": [],
						"body": {
							"mode": "raw",
							"raw": "{\r\n    \"deviceCapacityId\": 1,\r\n    \"deviceCapacityTitle\": \"test001\",\r\n    \"description\": \"test001 - random description update tesing\",\r\n    \"active\": true\r\n}",
							"options": {
								"raw": {
									"language": "json"
								}
							}
						},
						"url": {
							"raw": "localhost:8085/device-capacity/rest/update",
							"host": [
								"localhost"
							],
							"port": "8085",
							"path": [
								"device-capacity",
								"rest",
								"update"
							]
						}
					},
					"response": []
				},
				{
					"name": "localhost:8085/device-capacity/rest/get-all",
					"request": {
						"method": "GET",
						"header": [],
						"url": {
							"raw": "localhost:8085/device-capacity/rest/get-all",
							"host": [
								"localhost"
							],
							"port": "8085",
							"path": [
								"device-capacity",
								"rest",
								"get-all"
							]
						}
					},
					"response": []
				}
			]
		},
		{
			"name": "device-color",
			"item": [
				{
					"name": "localhost:8085/device-color/rest/add",
					"request": {
						"method": "POST",
						"header": [],
						"body": {
							"mode": "raw",
							"raw": "{\r\n    \"deviceColorTitle\": \"test001\",\r\n    \"description\": \"test001 - random description\",\r\n    \"active\": true\r\n}",
							"options": {
								"raw": {
									"language": "json"
								}
							}
						},
						"url": {
							"raw": "localhost:8085/device-color/rest/add",
							"host": [
								"localhost"
							],
							"port": "8085",
							"path": [
								"device-color",
								"rest",
								"add"
							]
						}
					},
					"response": []
				},
				{
					"name": "localhost:8085/device-color/rest/get-by-id",
					"request": {
						"method": "POST",
						"header": [],
						"body": {
							"mode": "raw",
							"raw": "{\r\n    \"deviceColorId\": 2\r\n}",
							"options": {
								"raw": {
									"language": "json"
								}
							}
						},
						"url": {
							"raw": "localhost:8085/device-color/rest/get-by-id",
							"host": [
								"localhost"
							],
							"port": "8085",
							"path": [
								"device-color",
								"rest",
								"get-by-id"
							]
						}
					},
					"response": []
				},
				{
					"name": "localhost:8085/device-color/rest/update",
					"request": {
						"method": "POST",
						"header": [],
						"body": {
							"mode": "raw",
							"raw": "{\r\n    \"deviceColorId\": 1,\r\n    \"deviceColorTitle\": \"test001\",\r\n    \"description\": \"test001 - random description update tesing\",\r\n    \"active\": true\r\n}",
							"options": {
								"raw": {
									"language": "json"
								}
							}
						},
						"url": {
							"raw": "localhost:8085/device-color/rest/update",
							"host": [
								"localhost"
							],
							"port": "8085",
							"path": [
								"device-color",
								"rest",
								"update"
							]
						}
					},
					"response": []
				},
				{
					"name": "localhost:8085/device-color/rest/get-all",
					"request": {
						"method": "GET",
						"header": [],
						"url": {
							"raw": "localhost:8085/device-color/rest/get-all",
							"host": [
								"localhost"
							],
							"port": "8085",
							"path": [
								"device-color",
								"rest",
								"get-all"
							]
						}
					},
					"response": []
				}
			]
		},
		{
			"name": "device-model",
			"item": [
				{
					"name": "localhost:8085/device-model/rest/add",
					"request": {
						"method": "POST",
						"header": [],
						"body": {
							"mode": "raw",
							"raw": "{\r\n    \"deviceModelTitle\": \"test001\",\r\n    \"description\": \"test001 - random description\",\r\n    \"active\": true,\r\n    \"price\": 55,\r\n    \"deviceBrandId\": 1,\r\n    \"deviceTypeId\": 1,\r\n    \"deviceColorId\": 1,\r\n    \"deviceCapacityId\": 1\r\n}",
							"options": {
								"raw": {
									"language": "json"
								}
							}
						},
						"url": {
							"raw": "localhost:8085/device-model/rest/add",
							"host": [
								"localhost"
							],
							"port": "8085",
							"path": [
								"device-model",
								"rest",
								"add"
							]
						}
					},
					"response": []
				}
			]
		}
	]
}